Number,Treatment,Rep,Cq_value,Log10_gene_copies,Gene_copies,Cell_equivalent,Other,Tissue,Experimental_pair
1,3543,3543_1,40,-0.55523167,0.278463533,0.092821178,0,Psyllid,TA
2,3543,3543_2,32.254,1.595180589,39.37137562,13.12379187,0,Psyllid,TA
3,3543,3543_3,31.822,1.71511063,51.89322122,17.29774041,0,Psyllid,TA
4,3543,3543_4,38.384,-0.106604481,0.78233997,0.26077999,0,Psyllid,TA
5,3543,3543_5,40,-0.55523167,0.278463533,0.092821178,0,Psyllid,TA
6,3543,3543_6,40,-0.55523167,0.278463533,0.092821178,0,Psyllid,TA
7,3543,3543_7,40,-0.55523167,0.278463533,0.092821178,0,Psyllid,TA
8,3543,3543_8,34.717,0.911412787,8.1547901,2.718263367,0,Psyllid,TA
9,3543,3543_9,36.851,0.318980595,2.084397745,0.694799248,0,Psyllid,TA
10,3543,3543_10,37.042,0.26595597,1.844828376,0.614942792,0,Psyllid,TA
11,3543,3543_11,35.551,0.67988118,4.784991608,1.594997203,0,Psyllid,TA
12,3543,3543_12,40,-0.55523167,0.278463533,0.092821178,0,Psyllid,TA
13,3543,3543_13,37.019,0.272341134,1.872152121,0.624050707,0,Psyllid,TA
14,3543,3543_14,40,-0.55523167,0.278463533,0.092821178,0,Psyllid,TA
15,3543,3543_15,40,-0.55523167,0.278463533,0.092821178,0,Psyllid,TA
16,3543,3543_16,37.73,0.074956276,1.188382576,0.396127525,0,Psyllid,TA
17,3543,3543_17,35.428,0.714027928,5.176401187,1.725467062,0,Psyllid,TA
18,3543,3543_18,40,-0.55523167,0.278463533,0.092821178,0,Psyllid,TA
19,3543,3543_19,40,-0.55523167,0.278463533,0.092821178,0,Psyllid,TA
20,3543,3543_20,40,-0.55523167,0.278463533,0.092821178,0,Psyllid,TA
21,3543,3543_21,37.550667,0.124741956,1.332729332,0.444243111,0,Psyllid,TA
22,3543,3543_22,40,-0.55523167,0.278463533,0.092821178,0,Psyllid,TA
23,3543,3543_23,40,-0.55523167,0.278463533,0.092821178,0,Psyllid,TA
24,3543,3543_24,33.036987,1.377810999,23.86772356,7.955907854,0,Psyllid,TA
25,3543,3543_25,40,-0.55523167,0.278463533,0.092821178,0,Psyllid,TA
26,3543,3543_26,35.99949,0.555373254,3.592305428,1.197435143,0,Psyllid,TA
27,3543,3543_27,40,-0.55523167,0.278463533,0.092821178,0,Psyllid,TA
28,3543,3543_28,40,-0.55523167,0.278463533,0.092821178,0,Psyllid,TA
29,3543,3543_29,38.402107,-0.111631271,0.773336893,0.257778964,0,Psyllid,TA
30,3543,3543_30,40,-0.55523167,0.278463533,0.092821178,0,Psyllid,TA
31,3543,3543_31,37.384075,0.170990533,1.48248577,0.494161923,0,Psyllid,TA
32,3543,3543_32,36.591564,0.391004136,2.460391038,0.820130346,0,Psyllid,TA
33,3543,3543_33,36.746937,0.347870131,2.227768872,0.742589624,0,Psyllid,TA
34,3543,3543_34,35.21611,0.772851947,5.927232287,1.975744096,0,Psyllid,TA
35,3543,3543_35,36.58316,0.39333722,2.473644129,0.824548043,0,Psyllid,TA
36,3543,3543_36,37.398247,0.167056162,1.469116247,0.489705416,0,Psyllid,TA
37,3543,3543_37,32.04841,1.652255629,44.90096022,14.96698674,0,Psyllid,TA
38,3543,3543_38,35.318886,0.744319702,5.550341465,1.850113822,0,Psyllid,TA
39,3543,3543_39,36.149773,0.513652314,3.263264782,1.087754927,0,Psyllid,TA
40,3543,3543_40,37.03949,0.266652786,1.847790738,0.615930246,0,Psyllid,TA
41,3543,3543_41,35.020454,0.827169151,6.716904155,2.238968052,0,Psyllid,TA
42,3543,3543_42,33.977684,1.116658616,13.08153224,4.360510746,0,Psyllid,TA
43,3543,3543_43,33.78014,1.171499958,14.84225738,4.947419126,0,Psyllid,TA
44,3543,3543_44,35.796852,0.611628772,4.089109798,1.363036599,0,Psyllid,TA
45,3543,3543_45,36.448753,0.430650732,2.695570728,0.898523576,0,Psyllid,TA
46,3543,3543_46,35.94541,0.570386719,3.718662111,1.239554037,0,Psyllid,TA
47,3543,3543_47,31.354944,1.844772771,69.94759253,23.31586418,0,Psyllid,TA
48,3543,3543_48,37.44115,0.15514561,1.429373116,0.476457705,0,Psyllid,TA
49,3543,3543_49,40,-0.55523167,0.278463533,0.092821178,0,Psyllid,TA
50,3543,3543_50,35.323593,0.743012965,5.533666282,1.844555427,0,Psyllid,TA
51,3543,3543_51,40,-0.55523167,0.278463533,0.092821178,0,Psyllid,TA
52,3543,3543_52,38.15379,-0.042694539,0.906369871,0.30212329,0,Psyllid,TA
53,3543,3543_53,40,-0.55523167,0.278463533,0.092821178,0,Psyllid,TA
54,3543,3543_54,36.80669,0.331281752,2.144281271,0.714760424,0,Psyllid,TA
55,3543,3543_55,36.63857,0.377954527,2.387561277,0.795853759,0,Psyllid,TA
56,3543,3543_56,40,-0.55523167,0.278463533,0.092821178,0,Psyllid,TA
57,3543,3543_57,40,-0.55523167,0.278463533,0.092821178,0,Psyllid,TA
58,3543,3543_58,40,-0.55523167,0.278463533,0.092821178,0,Psyllid,TA
59,3543,3543_59,38.20086,-0.055761917,0.879504535,0.293168178,0,Psyllid,TA
60,3543,3543_60,40,-0.55523167,0.278463533,0.092821178,0,Psyllid,TA
61,3543,3543_61,40,-0.55523167,0.278463533,0.092821178,0,Psyllid,TA
62,3543,3543_62,40,-0.55523167,0.278463533,0.092821178,0,Psyllid,TA
63,3543,3543_63,40,-0.55523167,0.278463533,0.092821178,0,Psyllid,TA
64,3543,3543_64,40,-0.55523167,0.278463533,0.092821178,0,Psyllid,TA
65,3543,3543_65,38.40728,-0.113067377,0.770783879,0.25692796,0,Psyllid,TA
66,3543,3543_66,40,-0.55523167,0.278463533,0.092821178,0,Psyllid,TA
67,3543,3543_67,40,-0.55523167,0.278463533,0.092821178,0,Psyllid,TA
68,3543,3543_68,40,-0.55523167,0.278463533,0.092821178,0,Psyllid,TA
69,3543,3543_69,37.133926,0.240435857,1.739545757,0.579848586,0,Psyllid,TA
70,3543,3543_70,40,-0.55523167,0.278463533,0.092821178,0,Psyllid,TA
71,3543,3543_71,40,-0.55523167,0.278463533,0.092821178,0,Psyllid,TA
72,3543,3543_72,40,-0.55523167,0.278463533,0.092821178,0,Psyllid,TA
73,3543,3543_73,40,-0.55523167,0.278463533,0.092821178,0,Psyllid,TA
74,3543,3543_74,40,-0.55523167,0.278463533,0.092821178,0,Psyllid,TA
75,3543,3543_75,40,-0.55523167,0.278463533,0.092821178,0,Psyllid,TA
76,3543,3543_76,40,-0.55523167,0.278463533,0.092821178,0,Psyllid,TA
77,3543,3543_77,37.509575,0.136149746,1.368200504,0.456066835,0,Psyllid,TA
78,3543,3543_78,40,-0.55523167,0.278463533,0.092821178,0,Psyllid,TA
79,3543,3543_79,40,-0.55523167,0.278463533,0.092821178,0,Psyllid,TA
80,3543,3543_80,37.926075,0.020522751,1.048389712,0.349463237,0,Psyllid,TA
81,3543_L,3543_L_1,32.71,1.468587768,29.41628119,9.805427062,1,Leaf,TA
82,3543_L,3543_L_2,34.446,0.986646678,9.697207268,3.232402423,1,Leaf,TA
83,3543_L,3543_L_3,34.974,0.840065517,6.919353479,2.30645116,1,Leaf,TA
84,3543_L,3543_L_4,29.108,2.468560007,294.1440086,98.04800286,1,Leaf,TA
85,3543_L,3543_L_5,27.832613,2.822627634,664.7029924,221.5676641,1,Leaf,TA
86,3543_L,3543_L_6,29.22117,2.437142223,273.6164618,91.20548726,1,Leaf,TA
87,3543_L,3543_L_7,26.808846,3.106841565,1278.914657,426.3048857,1,Leaf,TA
88,3543_L,3543_L_8,40,-0.55523167,0.278463533,0.092821178,1,Leaf,TA
89,3543_L,3543_L_9,40,-0.55523167,0.278463533,0.092821178,1,Leaf,TA
90,3543_L,3543_L_10,37.397865,0.167162211,1.469475031,0.48982501,1,Leaf,TA
91,3570,3570_1,35.403,0.720968324,5.259789019,1.753263006,2,Psyllid,TB
92,3570,3570_2,35.244,0.765109242,5.822496576,1.940832192,2,Psyllid,TB
93,3570,3570_3,34.985,0.837011743,6.870870183,2.290290061,2,Psyllid,TB
94,3570,3570_4,40,-0.55523167,0.278463533,0.092821178,2,Psyllid,TB
95,3570,3570_5,36.997,0.278448683,1.898666478,0.632888826,2,Psyllid,TB
96,3570,3570_6,40,-0.55523167,0.278463533,0.092821178,2,Psyllid,TB
97,3570,3570_7,37.544,0.126592821,1.338421243,0.446140414,2,Psyllid,TB
98,3570,3570_8,36.422,0.438077788,2.742065269,0.914021756,2,Psyllid,TB
99,3570,3570_9,40,-0.55523167,0.278463533,0.092821178,2,Psyllid,TB
100,3570,3570_10,40,-0.55523167,0.278463533,0.092821178,2,Psyllid,TB
101,3570,3570_11,37.592,0.113267261,1.297977789,0.432659263,2,Psyllid,TB
102,3570,3570_12,30.101,2.192887482,155.9148504,51.97161679,2,Psyllid,TB
103,3570,3570_13,36.603,0.387829322,2.44247047,0.814156823,2,Psyllid,TB
104,3570,3570_14,40,-0.55523167,0.278463533,0.092821178,2,Psyllid,TB
105,3570,3570_15,37.423,0.160184337,1.44605342,0.482017807,2,Psyllid,TB
106,3570,3570_16,36.294,0.473612615,2.975860815,0.991953605,2,Psyllid,TB
107,3570,3570_17,38.61,-0.169345659,0.67710238,0.225700793,2,Psyllid,TB
108,3570,3570_18,37.632,0.102162627,1.265210034,0.421736678,2,Psyllid,TB
109,3570,3570_19,36.835,0.323422448,2.105825828,0.701941943,2,Psyllid,TB
110,3570,3570_20,36.577,0.395047333,2.483403755,0.827801252,2,Psyllid,TB
111,3570,3570_21,40,-0.55523167,0.278463533,0.092821178,2,Psyllid,TB
112,3570,3570_22,34.989166,0.835855196,6.85259706,2.28419902,2,Psyllid,TB
113,3570,3570_23,30.17524,2.172277283,148.6884666,49.5628222,2,Psyllid,TB
114,3570,3570_24,28.69918,2.582054912,381.9925671,127.3308557,2,Psyllid,TB
115,3570,3570_25,35.49174,0.696332695,4.969728858,1.656576286,2,Psyllid,TB
116,3570,3570_26,40,-0.55523167,0.278463533,0.092821178,2,Psyllid,TB
117,3570,3570_27,40,-0.55523167,0.278463533,0.092821178,2,Psyllid,TB
118,3570,3570_28,38.494934,-0.137401516,0.728783421,0.242927807,2,Psyllid,TB
119,3570,3570_29,37.53146,0.130074123,1.349193137,0.449731046,2,Psyllid,TB
120,3570,3570_30,40,-0.55523167,0.278463533,0.092821178,2,Psyllid,TB
121,3570,3570_31,40,-0.55523167,0.278463533,0.092821178,2,Psyllid,TB
122,3570,3570_32,36.88437,0.309716554,2.040405823,0.680135274,2,Psyllid,TB
123,3570,3570_33,28.233694,2.711281197,514.3765924,171.4588641,2,Psyllid,TB
124,3570,3570_34,34.290695,1.029761806,10.70931778,3.569772593,2,Psyllid,TB
125,3570,3570_35,40,-0.55523167,0.278463533,0.092821178,2,Psyllid,TB
126,3570,3570_36,36.84382,0.320973876,2.093986495,0.697995498,2,Psyllid,TB
127,3570,3570_37,37.262596,0.204715027,1.602193728,0.534064576,2,Psyllid,TB
128,3570,3570_38,31.53869,1.793761972,62.19593087,20.73197696,2,Psyllid,TB
129,3570,3570_39,40,-0.55523167,0.278463533,0.092821178,2,Psyllid,TB
130,3570,3570_40,37.17522,0.228971989,1.694228521,0.56474284,2,Psyllid,TB
131,3570,3570_41,37.70465,0.081993837,1.207796695,0.402598898,2,Psyllid,TB
132,3570,3570_42,36.596085,0.389749035,2.453290829,0.81776361,2,Psyllid,TB
133,3570,3570_43,37.44734,0.153427167,1.423728463,0.474576154,2,Psyllid,TB
134,3570,3570_44,39.549698,-0.430220705,0.371346466,0.123782155,2,Psyllid,TB
135,3570,3570_45,32.94842,1.402398601,25.25797917,8.419326391,2,Psyllid,TB
136,3570,3570_46,33.851604,1.15166042,14.17948378,4.726494595,2,Psyllid,TB
137,3570,3570_47,32.983086,1.39277477,24.70442615,8.234808717,2,Psyllid,TB
138,3570,3570_48,36.339996,0.460843397,2.889637714,0.963212571,2,Psyllid,TB
139,3570,3570_49,36.679302,0.366646678,2.326198002,0.775399334,2,Psyllid,TB
140,3570,3570_50,34.350624,1.013124566,10.30681703,3.435605675,2,Psyllid,TB
141,3570,3570_51,36.527004,0.408927015,2.564053099,0.854684366,2,Psyllid,TB
142,3570,3570_52,34.012844,1.106897643,12.79079808,4.26359936,2,Psyllid,TB
143,3570,3570_53,37.55799,0.122708975,1.326505257,0.442168419,2,Psyllid,TB
144,3570,3570_54,40,-0.55523167,0.278463533,0.092821178,2,Psyllid,TB
145,3570,3570_55,36.718216,0.355843536,2.26904723,0.756349077,2,Psyllid,TB
146,3570,3570_56,38.786842,-0.218439799,0.604728172,0.201576057,2,Psyllid,TB
147,3570,3570_57,40,-0.55523167,0.278463533,0.092821178,2,Psyllid,TB
148,3570,3570_58,40,-0.55523167,0.278463533,0.092821178,2,Psyllid,TB
149,3570,3570_59,40,-0.55523167,0.278463533,0.092821178,2,Psyllid,TB
150,3570,3570_60,36.714928,0.356756337,2.273821332,0.757940444,2,Psyllid,TB
151,3570,3570_61,36.89426,0.306970934,2.027547016,0.675849005,2,Psyllid,TB
152,3570,3570_62,40,-0.55523167,0.278463533,0.092821178,2,Psyllid,TB
153,3570,3570_63,34.53487,0.961974959,9.161676634,3.053892211,2,Psyllid,TB
154,3570,3570_64,33.965347,1.120083562,13.18510408,4.395034693,2,Psyllid,TB
155,3570,3570_65,31.57441,1.783845535,60.79187445,20.26395815,2,Psyllid,TB
156,3570,3570_66,37.340515,0.183083479,1.524345732,0.508115244,2,Psyllid,TB
157,3570,3570_67,35.375275,0.728665223,5.353837965,1.784612655,2,Psyllid,TB
158,3570,3570_68,34.33042,1.018733517,10.44079375,3.480264582,2,Psyllid,TB
159,3570,3570_69,40,-0.55523167,0.278463533,0.092821178,2,Psyllid,TB
160,3570,3570_70,40,-0.55523167,0.278463533,0.092821178,2,Psyllid,TB
161,3570,3570_71,38.179134,-0.049730435,0.891804306,0.297268102,2,Psyllid,TB
162,3570,3570_72,40,-0.55523167,0.278463533,0.092821178,2,Psyllid,TB
163,3570,3570_73,37.50225,0.138183282,1.374621974,0.458207325,2,Psyllid,TB
164,3570,3570_74,40,-0.55523167,0.278463533,0.092821178,2,Psyllid,TB
165,3570,3570_75,37.49411,0.140443075,1.381793276,0.460597759,2,Psyllid,TB
166,3570,3570_76,37.49569,0.140004442,1.380398383,0.460132794,2,Psyllid,TB
167,3570,3570_77,38.828426,-0.229984176,0.588865111,0.19628837,2,Psyllid,TB
168,3570,3570_78,40,-0.55523167,0.278463533,0.092821178,2,Psyllid,TB
169,3570,3570_79,40,-0.55523167,0.278463533,0.092821178,2,Psyllid,TB
170,3570,3570_80,40,-0.55523167,0.278463533,0.092821178,2,Psyllid,TB
171,3570,3570_81,40,-0.55523167,0.278463533,0.092821178,2,Psyllid,TB
172,3570,3570_82,37.46554,0.148374559,1.407260699,0.4690869,2,Psyllid,TB
173,3570,3570_83,40,-0.55523167,0.278463533,0.092821178,2,Psyllid,TB
174,3570,3570_84,38.888638,-0.246699981,0.566630594,0.188876865,2,Psyllid,TB
175,3570_L,3570_L_1,28.113,2.744787763,555.6326563,185.2108854,3,Leaf,TB
176,3570_L,3570_L_2,25.496,3.471308403,2960.113772,986.7045905,3,Leaf,TB
177,3570_L,3570_L_3,25.274,3.532939119,3411.450852,1137.150284,3,Leaf,TB
178,3570_L,3570_L_4,34.352,1.012742567,10.29775528,3.432585093,3,Leaf,TB
179,3570_L,3570_L_5,35.74202,0.626851004,4.234976488,1.411658829,3,Leaf,TB
180,3570_L,3570_L_6,24.977089,3.615366314,4124.452574,1374.817525,3,Leaf,TB
181,3570_L,3570_L_7,35.980305,0.560699314,3.636631651,1.21221055,3,Leaf,TB
182,3570_L,3570_L_8,33.83191,1.157127787,14.35911873,4.78637291,3,Leaf,TB
183,3570_L,3570_L_9,31.458744,1.815956248,65.45702272,21.81900757,3,Leaf,TB
184,3570_L,3570_L_10,30.674776,2.033598179,108.0433842,36.01446139,3,Leaf,TB
185,3364,3364_1,35.734943,0.653092959,4.498761387,1.499587129,4,Psyllid,TC
186,3364,3364_2,36.435204,0.451183899,2.826076407,0.942025469,4,Psyllid,TC
187,3364,3364_3,36.942223,0.30499308,2.018334203,0.672778068,4,Psyllid,TC
188,3364,3364_4,37.58255,0.120365031,1.319365218,0.439788406,4,Psyllid,TC
189,3364,3364_5,37.71222,0.08297676,1.210533354,0.403511118,4,Psyllid,TC
190,3364,3364_6,35.83649,0.623813506,4.20545999,1.401819997,4,Psyllid,TC
191,3364,3364_7,40,-0.576668012,0.265052551,0.08835085,4,Psyllid,TC
192,3364,3364_8,36.230408,0.510233551,3.237677227,1.079225742,4,Psyllid,TC
193,3364,3364_9,35.928825,0.597190185,3.955397959,1.318465986,4,Psyllid,TC
194,3364,3364_10,36.14701,0.53428003,3.422000195,1.140666732,4,Psyllid,TC
195,3364,3364_11,35.569405,0.700823194,5.021381215,1.673793738,4,Psyllid,TC
196,3364,3364_12,37.862576,0.039624012,1.095529338,0.365176446,4,Psyllid,TC
197,3364,3364_13,36.95543,0.301185053,2.000714192,0.666904731,4,Psyllid,TC
198,3364,3364_14,36.63732,0.392906983,2.471194811,0.823731604,4,Psyllid,TC
199,3364,3364_15,34.139706,1.113054034,12.97340673,4.324468909,4,Psyllid,TC
200,3364,3364_16,35.183437,0.812110893,6.488000778,2.162666926,4,Psyllid,TC
201,3364,3364_17,34.150513,1.109938008,12.88065678,4.293552261,4,Psyllid,TC
202,3364,3364_18,38.005898,-0.001700594,0.996091894,0.332030631,4,Psyllid,TC
203,3364,3364_19,37.08346,0.26426965,1.837678989,0.612559663,4,Psyllid,TC
204,3364,3364_20,38.610867,-0.176133729,0.666601476,0.222200492,4,Psyllid,TC
205,3364,3364_21,32.12295,1.694553371,49.49409307,16.49803102,4,Psyllid,TC
206,3364,3364_22,33.512558,1.293882129,19.67352262,6.557840874,4,Psyllid,TC
207,3364,3364_23,36.797333,0.346769794,2.222131696,0.740710565,4,Psyllid,TC
208,3364,3364_24,32.447376,1.601010322,39.90343865,13.30114622,4,Psyllid,TC
209,3364,3364_25,35.829147,0.625930742,4.226012158,1.408670719,4,Psyllid,TC
210,3364,3364_26,36.16256,0.529796436,3.386853693,1.128951231,4,Psyllid,TC
211,3364,3364_27,35.42804,0.74158353,5.515482746,1.838494249,4,Psyllid,TC
212,3364,3364_28,34.22298,1.089043308,12.27561637,4.091872124,4,Psyllid,TC
213,3364,3364_29,35.89749,0.606225131,4.038546904,1.346182301,4,Psyllid,TC
214,3364,3364_30,35.73248,0.653803126,4.506123865,1.502041288,4,Psyllid,TC
215,3364,3364_31,34.27896,1.07290237,11.82775637,3.942585455,4,Psyllid,TC
216,3364,3364_32,31.165731,1.97055216,93.44415898,31.14805299,4,Psyllid,TC
217,3364,3364_33,40,-0.576668012,0.265052551,0.08835085,4,Psyllid,TC
218,3364,3364_34,31.703892,1.815382043,65.37053549,21.7901785,4,Psyllid,TC
219,3364,3364_35,34.779762,0.928504123,8.482114353,2.827371451,4,Psyllid,TC
220,3364,3364_36,30.624546,2.126594199,133.8425489,44.61418296,4,Psyllid,TC
221,3364,3364_37,40,-0.576668012,0.265052551,0.08835085,4,Psyllid,TC
222,3364,3364_38,40,-0.576668012,0.265052551,0.08835085,4,Psyllid,TC
223,3364_L,3364_1L,27.100973,3.142560118,1388.545507,462.8485025,5,Leaf,TC
224,3364_L,3364_2L,27.424847,3.04917623,1119.892226,373.2974085,5,Leaf,TC
225,3364_L,3364_3L,32.99267,1.443783519,27.7832802,9.261093399,5,Leaf,TC
226,3364_L,3364_4L,29.35505,2.492633066,310.9088369,103.636279,5,Leaf,TC
227,3364_L,3364_5L,27.588022,3.002127328,1004.910371,334.9701237,5,Leaf,TC
228,3364_L,3364_6L,35.17653,0.814102416,6.517820806,2.172606935,5,Leaf,TC
229,3364_L,3364_7L,36.953934,0.3016164,2.002702318,0.667567439,5,Leaf,TC
230,3364_L,3364_8L,32.79985,1.499380082,31.57767,10.52589,5,Leaf,TC
231,3364_L,3364_9L,40,-0.576668012,0.265052551,0.08835085,5,Leaf,TC
232,3364_L,3364_10L,29.301792,2.507989159,322.0988384,107.3662795,5,Leaf,TC
233,3531,3531_1,40.000,-1.493296922,0.032114642,0.010704881,6,Psyllid,TD
234,3531,3531_2,40.000,-1.493296922,0.032114642,0.010704881,6,Psyllid,TD
235,3531,3531_3,40.000,-1.493296922,0.032114642,0.010704881,6,Psyllid,TD
236,3531,3531_4,31.982,0.994920556,9.883722788,3.294574263,6,Psyllid,TD
237,3531,3531_5,40.000,-1.493296922,0.032114642,0.010704881,6,Psyllid,TD
238,3531,3531_6,40.000,-1.493296922,0.032114642,0.010704881,6,Psyllid,TD
239,3531,3531_7,37.048,-0.577342974,0.264640937,0.088213646,6,Psyllid,TD
240,3531,3531_8,37.839,-0.822542205,0.150472728,0.050157576,6,Psyllid,TD
241,3531,3531_9,40.000,-1.493296922,0.032114642,0.010704881,6,Psyllid,TD
242,3531,3531_10,37.511,-0.720826092,0.190183969,0.063394656,6,Psyllid,TD
243,3531,3531_11,40.000,-1.493296922,0.032114642,0.010704881,6,Psyllid,TD
244,3531,3531_12,40.000,-1.493296922,0.032114642,0.010704881,6,Psyllid,TD
245,3531,3531_13,36.684,-0.464209906,0.343391938,0.114463979,6,Psyllid,TD
246,3531,3531_14,38.110,-0.906650323,0.123979442,0.041326481,6,Psyllid,TD
247,3531,3531_15,36.243,-0.327330561,0.470618981,0.156872994,6,Psyllid,TD
248,3531_L,3531_L_1,40.000,-1.493296922,0.032114642,0.010704881,6,Leaf,TD
249,3531_L,3531_L_2,33.005,0.677416522,4.757913277,1.585971092,6,Leaf,TD
250,3531_L,3531_L_3,40.000,-1.493296922,0.032114642,0.010704881,6,Leaf,TD
251,3531_L,3531_L_4,38.057,-0.890206058,0.128763847,0.042921282,6,Leaf,TD
252,3531_L,3531_L_5,25.228,3.090941845,1232.939722,410.9799073,6,Leaf,TD
253,3531_L,3531_L_6,36.814,-0.5045643,0.312921714,0.104307238,6,Leaf,TD
254,3531_L,3531_L_7,31.197,1.238389399,17.31368051,5.771226837,6,Leaf,TD
255,3531_L,3531_L_8,31.182,1.243208478,17.50686884,5.835622948,6,Leaf,TD
256,3531_L,3531_L_9,29.896,1.642397592,43.89323517,14.63107839,6,Leaf,TD
257,3531_L,3531_L_10,36.226,-0.322263841,0.476141636,0.158713879,6,Leaf,TD
258,3629,3629_2,30.200,1.548064796,35.32358684,11.77452895,7,Psyllid,TE
259,3629,3629_3,40.000,-1.493296922,0.032114642,0.010704881,7,Psyllid,TE
260,3629,3629_4,36.246,-0.328303749,0.469565576,0.156521859,7,Psyllid,TE
261,3629,3629_5,32.307,0.893980884,7.833951596,2.611317199,7,Psyllid,TE
262,3629,3629_6,37.517,-0.722634372,0.189393743,0.063131248,7,Psyllid,TE
263,3629,3629_7,37.287,-0.651232001,0.223237936,0.074412645,7,Psyllid,TE
264,3629,3629_8,37.224,-0.631942962,0.233376455,0.077792152,7,Psyllid,TE
265,3629,3629_9,37.038,-0.574232249,0.266543288,0.088847763,7,Psyllid,TE
266,3629,3629_10,36.857,-0.518003972,0.303386344,0.101128781,7,Psyllid,TE
267,3629,3629_11,40.000,-1.493296922,0.032114642,0.010704881,7,Psyllid,TE
268,3629,3629_12,34.146,0.323217167,2.104830689,0.70161023,7,Psyllid,TE
269,3629,3629_13,40.000,-1.493296922,0.032114642,0.010704881,7,Psyllid,TE
270,3629,3629_14,32.290,0.899347071,7.931349185,2.643783062,7,Psyllid,TE
271,3629,3629_15,40.000,-1.493296922,0.032114642,0.010704881,7,Psyllid,TE
272,3629,3629_16,40.000,-1.493296922,0.032114642,0.010704881,7,Psyllid,TE
273,3629,3629_17,36.248,-0.328921611,0.468898009,0.156299336,7,Psyllid,TE
274,3629,3629_18,40.000,-1.493296922,0.032114642,0.010704881,7,Psyllid,TE
275,3629,3629_19,35.945,-0.235055238,0.582029184,0.194009728,7,Psyllid,TE
276,3629,3629_20,38.301,-0.96617428,0.108100006,0.036033335,7,Psyllid,TE
277,3629,3629_21,36.662,-0.45755648,0.348693234,0.116231078,7,Psyllid,TE
278,3629,3629_22,35.862,-0.209311072,0.617573891,0.205857964,7,Psyllid,TE
279,3629,3629_23,40.000,-1.493296922,0.032114642,0.010704881,7,Psyllid,TE
280,3629,3629_24,36.319,-0.350850298,0.445809893,0.148603298,7,Psyllid,TE
281,3629,3629_25,35.634,-0.138319265,0.727244985,0.242414995,7,Psyllid,TE
282,3629,3629_26,40.000,-1.493296922,0.032114642,0.010704881,7,Psyllid,TE
283,3629,3629_27,35.513,-0.100873262,0.792732636,0.264244212,7,Psyllid,TE
284,3629,3629_28,33.169,0.626400509,4.230585815,1.410195272,7,Psyllid,TE
285,3629,3629_29,37.947,-0.856237587,0.139239487,0.046413162,7,Psyllid,TE
286,3629,3629_30,37.528,-0.726100422,0.187888231,0.06262941,7,Psyllid,TE
287,3629_L,3629_L_1,40.000,-1.493296922,0.032114642,0.010704881,7,Leaf,TE
288,3629_L,3629_L_2,34.157,0.319991311,2.08925433,0.69641811,7,Leaf,TE
289,3629_L,3629_L_3,27.017,2.535816162,343.4125496,114.4708499,7,Leaf,TE
290,3629_L,3629_L_4,25.180,3.105849677,1275.99707,425.3323568,7,Leaf,TE
291,3629_L,3629_L_5,40.000,-1.493296922,0.032114642,0.010704881,7,Leaf,TE
292,3629_L,3629_L_6,26.617,2.659841112,456.9209933,152.3069978,7,Leaf,TE
293,3629_L,3629_L_7,37.002,-0.562853774,0.273618984,0.091206328,7,Leaf,TE
294,3629_L,3629_L_8,23.890,3.506092664,3206.953508,1068.984503,7,Leaf,TE
295,3629_L,3629_L_9,40.000,-1.493296922,0.032114642,0.010704881,7,Leaf,TE
296,3629_L,3629_L_10,40.000,-1.493296922,0.032114642,0.010704881,7,Leaf,TE
297,PMB,PMB_1,40,-0.55523167,0.278463533,0.092821178,8,Psyllid,TF
298,PMB,PMB_2,40,-0.55523167,0.278463533,0.092821178,8,Psyllid,TF
299,PMB,PMB_3,40,-0.55523167,0.278463533,0.092821178,8,Psyllid,TF
300,PMB,PMB_4,37.308,0.192110158,1.556360349,0.518786783,8,Psyllid,TF
301,PMB,PMB_5,40,-0.55523167,0.278463533,0.092821178,8,Psyllid,TF
302,PMB,PMB_6,36.969,0.286221926,1.932955812,0.644318604,8,Psyllid,TF
303,PMB,PMB_7,40,-0.55523167,0.278463533,0.092821178,8,Psyllid,TF
304,PMB,PMB_8,35.812,0.607423447,4.049705552,1.349901851,8,Psyllid,TF
305,PMB,PMB_9,33.079,1.366147525,23.23525939,7.745086462,8,Psyllid,TF
306,PMB,PMB_10,40,-0.55523167,0.278463533,0.092821178,8,Psyllid,TF
307,PMB,PMB_11,40,-0.55523167,0.278463533,0.092821178,8,Psyllid,TF
308,PMB,PMB_12,35.977,0.561616835,3.644322771,1.214774257,8,Psyllid,TF
309,PMB,PMB_13,40,-0.55523167,0.278463533,0.092821178,8,Psyllid,TF
310,PMB,PMB_14,37.512,0.135476528,1.366081241,0.455360414,8,Psyllid,TF
311,PMB,PMB_15,37.307,0.192387774,1.557355546,0.519118515,8,Psyllid,TF
312,PMB,PMB_16,35.82,0.605202521,4.029048736,1.343016245,8,Psyllid,TF
313,PMB,PMB_17,38.102,-0.028316815,0.936878311,0.31229277,8,Psyllid,TF
314,PMB,PMB_18,39.356,-0.376447073,0.420293746,0.140097915,8,Psyllid,TF
315,PMB,PMB_19,36.468,0.42530746,2.662609392,0.887536464,8,Psyllid,TF
316,PMB,PMB_20,31.735,1.739263208,54.86093532,18.28697844,8,Psyllid,TF
317,PMB,PMB_21,38.552795,-0.153464646,0.702320515,0.234106838,8,Psyllid,TF
318,PMB,PMB_22,36.944317,0.293074318,1.963696282,0.654565427,8,Psyllid,TF
319,PMB,PMB_23,40,-0.55523167,0.278463533,0.092821178,8,Psyllid,TF
320,PMB,PMB_24,40,-0.55523167,0.278463533,0.092821178,8,Psyllid,TF
321,PMB,PMB_25,36.699295,0.361096305,2.296657876,0.765552625,8,Psyllid,TF
322,PMB,PMB_26,34.57141,0.951830876,8.950161592,2.983387197,8,Psyllid,TF
323,PMB,PMB_27,35.768772,0.619424225,4.163170761,1.387723587,8,Psyllid,TF
324,PMB,PMB_28,39.851585,-0.514029316,0.306175675,0.102058558,8,Psyllid,TF
325,PMB,PMB_29,37.11806,0.24484051,1.757278153,0.585759384,8,Psyllid,TF
326,PMB,PMB_30,37.372837,0.17411038,1.493173866,0.497724622,8,Psyllid,TF
327,PMB,PMB_31,37.523415,0.132307543,1.356149421,0.452049807,8,Psyllid,TF
328,PMB,PMB_32,37.3192,0.189000861,1.545257502,0.515085834,8,Psyllid,TF
329,PMB,PMB_33,36.59085,0.391202354,2.461514249,0.82050475,8,Psyllid,TF
330,PMB,PMB_34,36.503906,0.415339385,2.602192288,0.867397429,8,Psyllid,TF
331,PMB,PMB_35,40,-0.55523167,0.278463533,0.092821178,8,Psyllid,TF
332,PMB,PMB_36,35.38369,0.726329086,5.325116161,1.77503872,8,Psyllid,TF
333,PMB,PMB_37,33.685814,1.19768635,15.7647232,5.254907732,8,Psyllid,TF
334,PMB,PMB_38,36.389877,0.446995641,2.798953229,0.93298441,8,Psyllid,TF
335,PMB,PMB_39,39.522823,-0.422759779,0.377781095,0.125927032,8,Psyllid,TF
336,PMB,PMB_40,33.28273,1.309588851,20.39805934,6.799353115,8,Psyllid,TF
337,PMB,PMB_41,40,-0.55523167,0.278463533,0.092821178,8,Psyllid,TF
338,PMB,PMB_42,40,-0.55523167,0.278463533,0.092821178,8,Psyllid,TF
339,PMB,PMB_43,40,-0.55523167,0.278463533,0.092821178,8,Psyllid,TF
340,PMB,PMB_44,40,-0.55523167,0.278463533,0.092821178,8,Psyllid,TF
341,PMB,PMB_45,38.404984,-0.112429971,0.771915975,0.257305325,8,Psyllid,TF
342,PMB,PMB_46,37.586105,0.114903806,1.302878166,0.434292722,8,Psyllid,TF
343,PMB,PMB_47,40,-0.55523167,0.278463533,0.092821178,8,Psyllid,TF
344,PMB,PMB_48,37.193275,0.223959635,1.674787206,0.558262402,8,Psyllid,TF
345,PMB,PMB_49,40,-0.55523167,0.278463533,0.092821178,8,Psyllid,TF
346,PMB,PMB_50,37.872356,0.035435996,1.085015633,0.361671878,8,Psyllid,TF
347,PMB,PMB_51,40,-0.55523167,0.278463533,0.092821178,8,Psyllid,TF
348,PMB,PMB_52,40,-0.55523167,0.278463533,0.092821178,8,Psyllid,TF
349,PMB,PMB_53,40,-0.55523167,0.278463533,0.092821178,8,Psyllid,TF
350,PMB,PMB_54,38.607956,-0.168778213,0.677987657,0.225995886,8,Psyllid,TF
351,PMB,PMB_55,40,-0.55523167,0.278463533,0.092821178,8,Psyllid,TF
352,PMB,PMB_56,39.22805,-0.340926126,0.456114495,0.152038165,8,Psyllid,TF
353,PMB,PMB_57,37.900166,0.027715499,1.065897637,0.355299212,8,Psyllid,TF
354,PMB,PMB_58,35.28668,0.753260598,5.665791623,1.888597208,8,Psyllid,TF
355,PMB,PMB_59,36.869133,0.313946587,2.060376495,0.686792165,8,Psyllid,TF
356,PMB,PMB_60,36.106598,0.525638378,3.354581732,1.118193911,8,Psyllid,TF
357,PMB,PMB_61,36.8836,0.309930318,2.041410379,0.680470126,8,Psyllid,TF
358,PMB,PMB_62,40,-0.55523167,0.278463533,0.092821178,8,Psyllid,TF
359,PMB,PMB_63,36.698494,0.361318675,2.297834127,0.765944709,8,Psyllid,TF
360,PMB,PMB_64,40,-0.55523167,0.278463533,0.092821178,8,Psyllid,TF
361,PMB,PMB_65,37.70032,0.083195913,1.211144367,0.403714789,8,Psyllid,TF
362,PMB,PMB_66,40,-0.55523167,0.278463533,0.092821178,8,Psyllid,TF
363,PMB,PMB_67,37.810448,0.052622637,1.128814649,0.37627155,8,Psyllid,TF
364,PMB,PMB_68,40,-0.55523167,0.278463533,0.092821178,8,Psyllid,TF
365,PMB,PMB_69,40,-0.55523167,0.278463533,0.092821178,8,Psyllid,TF
366,PMB,PMB_70,40,-0.55523167,0.278463533,0.092821178,8,Psyllid,TF
367,PMB,PMB_71,39.451008,-0.402822798,0.395527972,0.131842657,8,Psyllid,TF
368,PMB,PMB_72,40,-0.55523167,0.278463533,0.092821178,8,Psyllid,TF
369,PMB,PMB_73,38.342514,-0.09508731,0.803364598,0.267788199,8,Psyllid,TF
370,PMB,PMB_74,37.4158,0.162183171,1.452724199,0.4842414,8,Psyllid,TF
371,PMB,PMB_75,40,-0.55523167,0.278463533,0.092821178,8,Psyllid,TF
372,PMB,PMB_76,40,-0.55523167,0.278463533,0.092821178,8,Psyllid,TF
373,PMB,PMB_77,40,-0.55523167,0.278463533,0.092821178,8,Psyllid,TF
374,PMB,PMB_78,40,-0.55523167,0.278463533,0.092821178,8,Psyllid,TF
375,PMB,PMB_79,40,-0.55523167,0.278463533,0.092821178,8,Psyllid,TF
376,PMB,PMB_80,36.60229,0.388026429,2.443579252,0.814526417,8,Psyllid,TF
377,PMB,PMB_81,40,-0.55523167,0.278463533,0.092821178,8,Psyllid,TF
378,PMB,PMB_82,40,-0.55523167,0.278463533,0.092821178,8,Psyllid,TF
379,PMB,PMB_83,40,-0.55523167,0.278463533,0.092821178,8,Psyllid,TF
380,PMB,PMB_84,35.029354,0.82469837,6.678798953,2.226266318,8,Psyllid,TF
381,PMB,PMB_85,29.173206,2.450457789,282.1355347,94.04517822,8,Psyllid,TF
382,PMB,PMB_86,31.896519,1.694422975,49.4792349,16.4930783,8,Psyllid,TF
383,PMB,PMB_87,25.461977,3.480753727,3025.197459,1008.399153,8,Psyllid,TF
384,PMB,PMB_88,37.036366,0.277848452,1.896044175,0.632014725,8,Psyllid,TF
385,PMB,PMB_89,38.3903,-0.112536763,0.771726187,0.257242062,8,Psyllid,TF
386,PMB,PMB_90,37.026253,0.280764373,1.908817348,0.636272449,8,Psyllid,TF
387,PMB,PMB_91,37.977978,0.006349691,1.01472811,0.338242703,8,Psyllid,TF
388,PMB,PMB_92,38.18919,-0.054549911,0.881962438,0.293987479,8,Psyllid,TF
389,PMB,PMB_93,40,-0.576668012,0.265052551,0.08835085,8,Psyllid,TF
390,PMB,PMB_94,40,-0.576668012,0.265052551,0.08835085,8,Psyllid,TF
391,PMB,PMB_95,40,-0.576668012,0.265052551,0.08835085,8,Psyllid,TF
392,PMB,PMB_96,34.479546,1.015066605,10.35300932,3.451003108,8,Psyllid,TF
393,PMB,PMB_97,37.5018,0.143648002,1.392028099,0.464009366,8,Psyllid,TF
394,PMB,PMB_98,40,-0.576668012,0.265052551,0.08835085,8,Psyllid,TF
395,PMB,PMB_99,36.873184,0.324899371,2.112999389,0.70433313,8,Psyllid,TF
396,PMB,PMB_100,39.007378,-0.290461334,0.51231688,0.170772293,8,Psyllid,TF
397,PMB,PMB_101,37.147552,0.245789747,1.761123235,0.587041078,8,Psyllid,TF
398,PMB,PMB_102,40,-0.576668012,0.265052551,0.08835085,8,Psyllid,TF
399,PMB,PMB_103,36.830734,0.33713915,2.173397434,0.724465811,8,Psyllid,TF
400,PMB,PMB_104,36.688553,0.378134767,2.388552367,0.796184122,8,Psyllid,TF
401,PMB,PMB_105,35.18002,0.813096131,6.502736117,2.167578706,8,Psyllid,TF
402,PMB,PMB_106,38.110603,-0.031890606,0.929200412,0.309733471,8,Psyllid,TF
403,PMB,PMB_107,40,-0.576668012,0.265052551,0.08835085,8,Psyllid,TF
404,PMB,PMB_108,40,-0.576668012,0.265052551,0.08835085,8,Psyllid,TF
405,PMB,PMB_109,40,-0.576668012,0.265052551,0.08835085,8,Psyllid,TF
406,PMB,PMB_110,33.86448,1.192411049,15.57439012,5.191463372,8,Psyllid,TF
407,PMB,PMB_111,37.65722,0.098835131,1.255553233,0.418517744,8,Psyllid,TF
408,PMB,PMB_112,36.147743,0.534068681,3.420335289,1.140111763,8,Psyllid,TF
409,PMB,PMB_113,37.536663,0.133595813,1.360178211,0.453392737,8,Psyllid,TF
410,PMB,PMB_114,37.950798,0.01418661,1.033205263,0.344401754,8,Psyllid,TF
411,PMB,PMB_115,37.764587,0.067877573,1.169169758,0.389723253,8,Psyllid,TF
412,PMB,PMB_116,35.534836,0.710790612,5.137958734,1.712652911,8,Psyllid,TF
413,PMB,PMB_117,33.678562,1.246017531,17.62047172,5.873490572,8,Psyllid,TF
414,PMB,PMB_118,37.297634,0.202516003,1.594101618,0.531367206,8,Psyllid,TF
415,PMB,PMB_119,40,-0.576668012,0.265052551,0.08835085,8,Psyllid,TF
416,PMB,PMB_120,36.81762,0.340920362,2.192402871,0.730800957,8,Psyllid,TF
417,PMB,PMB_121,38.607216,-0.175081022,0.668219243,0.222739748,8,Psyllid,TF
418,PMB,PMB_122,37.40099,0.172714953,1.488383864,0.496127955,8,Psyllid,TF
419,PMB,PMB_123,40,-0.576668012,0.265052551,0.08835085,8,Psyllid,TF
420,PMB,PMB_124,37.53526,0.134000346,1.361445767,0.453815256,8,Psyllid,TF
421,PMB,PMB_125,40,-0.576668012,0.265052551,0.08835085,8,Psyllid,TF
422,PMB,PMB_126,40,-0.576668012,0.265052551,0.08835085,8,Psyllid,TF
423,PMB,PMB_127,30.196,1.549163357,35.41305195,11.80435065,8,Psyllid,TF
424,PMB,PMB_128,37.110,-0.596587326,0.253170252,0.084390084,8,Psyllid,TF
425,PMB,PMB_129,36.143,-0.296491435,0.505252609,0.168417536,8,Psyllid,TF
426,PMB,PMB_130,40.000,-1.493296922,0.032114642,0.010704881,8,Psyllid,TF
427,PMB,PMB_131,39.490,-1.335068272,0.046230834,0.015410278,8,Psyllid,TF
428,PMB,PMB_132,34.960,0.070844712,1.17718498,0.392394993,8,Psyllid,TF
429,PMB,PMB_133,40.000,-1.493296922,0.032114642,0.010704881,8,Psyllid,TF
430,PMB,PMB_134,37.567,-0.738250993,0.1827044,0.060901467,8,Psyllid,TF
431,PMB,PMB_135,40.000,-1.493296922,0.032114642,0.010704881,8,Psyllid,TF
432,PMB,PMB_136,36.340,-0.357374317,0.439162939,0.146387646,8,Psyllid,TF
433,PMB,PMB_137,36.664,-0.458013282,0.348326662,0.116108887,8,Psyllid,TF
434,PMB,PMB_138,40.000,-1.493296922,0.032114642,0.010704881,8,Psyllid,TF
435,PMB,PMB_139,37.379,-0.679928004,0.208964252,0.069654751,8,Psyllid,TF
436,PMB,PMB_140,40.000,-1.493296922,0.032114642,0.010704881,8,Psyllid,TF
437,PMB,PMB_141,40.000,-1.493296922,0.032114642,0.010704881,8,Psyllid,TF
438,PMB,PMB_142,40.000,-1.493296922,0.032114642,0.010704881,8,Psyllid,TF
439,PMB,PMB_143,40.000,-1.493296922,0.032114642,0.010704881,8,Psyllid,TF
440,PMB,PMB_144,40.000,-1.493296922,0.032114642,0.010704881,8,Psyllid,TF
441,PMB,PMB_145,40.000,-1.493296922,0.032114642,0.010704881,8,Psyllid,TF
442,PMB,PMB_146,37.308,-0.657886048,0.219843663,0.073281221,8,Psyllid,TF
443,PMB,PMB_147,36.014,-0.256432473,0.554073689,0.18469123,8,Psyllid,TF
444,PMB,PMB_148,40.000,-1.493296922,0.032114642,0.010704881,8,Psyllid,TF
445,PMB_L,PMB_L_1,29.074,2.477998945,300.6069001,100.2023,8,Leaf,TF
446,PMB_L,PMB_L_2,29.829,2.268398989,185.5235259,61.84117529,8,Leaf,TF
447,PMB_L,PMB_L_3,31.439,1.821437495,66.28839362,22.09613121,8,Leaf,TF
448,PMB_L,PMB_L_4,29.201,2.442741734,277.1671358,92.38904528,8,Leaf,TF
449,PMB_L,PMB_L_5,27.724968,2.85251159,712.051803,237.350601,8,Leaf,TF
450,PMB_L,PMB_L_6,36.543404,0.404374115,2.537313412,0.845771137,8,Leaf,TF
451,PMB_L,PMB_L_7,40,-0.55523167,0.278463533,0.092821178,8,Leaf,TF
452,PMB_L,PMB_L_8,40,-0.55523167,0.278463533,0.092821178,8,Leaf,TF
453,PMB_L,PMB_L_9,40,-0.55523167,0.278463533,0.092821178,8,Leaf,TF
454,PMB_L,PMB_L_10,26.846622,3.096354349,1248.401693,416.1338976,8,Leaf,TF
455,PMB_L,PMB_L_11,36.45643,0.445063722,2.786529992,0.928843331,8,Leaf,TF
456,PMB_L,PMB_L_12,28.768917,2.661635142,458.8123951,152.937465,8,Leaf,TF
457,PMB_L,PMB_L_13,29.089775,2.56912087,370.7839012,123.5946337,8,Leaf,TF
458,PMB_L,PMB_L_14,29.417564,2.474608154,298.2690247,99.42300822,8,Leaf,TF
459,PMB_L,PMB_L_15,40,-0.576668012,0.265052551,0.08835085,8,Leaf,TF
460,PMB_L,PMB_L_16,36.051235,0.561895219,3.646659547,1.215553182,8,Leaf,TF
461,PMB_L,PMB_L_17,25.958572,3.471953175,2964.51174,988.17058,8,Leaf,TF
462,PMB_L,PMB_L_18,25.589745,3.578298541,3787.028217,1262.342739,8,Leaf,TF
463,PMB_L,PMB_L_19,28.218187,2.820429329,661.3469109,220.4489703,8,Leaf,TF
464,PMB_L,PMB_L_20,30.328573,2.21193328,162.9045744,54.30152479,8,Leaf,TF
465,PMB_L,PMB_L_21,40.000,-1.493296922,0.032114642,0.010704881,8,Leaf,TF
466,PMB_L,PMB_L_22,36.163,-0.302586581,0.498211122,0.166070374,8,Leaf,TF
467,PMB_L,PMB_L_23,36.563,-0.426829692,0.374257324,0.124752441,8,Leaf,TF
468,PMB_L,PMB_L_24,37.728,-0.788385365,0.162785094,0.054261698,8,Leaf,TF
469,PMB_L,PMB_L_25,36.133,-0.293337264,0.508935489,0.169645163,8,Leaf,TF
470,PMB_L,PMB_L_26,29.176,1.865760924,73.4109634,24.47032113,8,Leaf,TF
471,PMB_L,PMB_L_27,36.565,-0.427470209,0.37370576,0.124568587,8,Leaf,TF
472,PMB_L,PMB_L_28,34.648,0.167486035,1.470571128,0.490190376,8,Leaf,TF
473,PMB_L,PMB_L_29,34.238,0.294779667,1.971422311,0.65714077,8,Leaf,TF
474,PMB_L,PMB_L_30,31.431,1.165954568,14.65394537,4.884648455,8,Leaf,TF
475,KP04,KP04_1,25.899,3.359429222,2287.858823,762.6196075,9,Psyllid,TG
476,KP04,KP04_2,40,-0.55523167,0.278463533,0.092821178,9,Psyllid,TG
477,KP04,KP04_3,39.321,-0.366730518,0.429803039,0.14326768,9,Psyllid,TG
478,KP04,KP04_4,27.48,2.920518586,832.7575645,277.5858548,9,Psyllid,TG
479,KP04,KP04_5,33.049,1.374476,23.6851424,7.895047466,9,Psyllid,TG
480,KP04,KP04_6,40,-0.55523167,0.278463533,0.092821178,9,Psyllid,TG
481,KP04,KP04_7,36.311,0.468893146,2.943697274,0.981232425,9,Psyllid,TG
482,KP04,KP04_8,37.773,0.063018795,1.156162275,0.385387425,9,Psyllid,TG
483,KP04,KP04_9,40,-0.55523167,0.278463533,0.092821178,9,Psyllid,TG
484,KP04,KP04_10,22.249,4.37272702,23589.95,7863.316666,9,Psyllid,TG
485,KP04,KP04_11,37.43,0.158241026,1.439597309,0.47986577,9,Psyllid,TG
486,KP04,KP04_12,36.965,0.287332389,1.937904581,0.645968194,9,Psyllid,TG
487,KP04,KP04_13,26.263,3.258377058,1812.913395,604.304465,9,Psyllid,TG
488,KP04,KP04_14,24.346,3.790566614,6173.99984,2057.999947,9,Psyllid,TG
489,KP04,KP04_15,38.226,-0.062741179,0.865483557,0.288494519,9,Psyllid,TG
490,KP04,KP04_16,40,-0.55523167,0.278463533,0.092821178,9,Psyllid,TG
491,KP04,KP04_17,35.284,0.754004608,5.675506278,1.891835426,9,Psyllid,TG
492,KP04,KP04_18,36.909,0.302878876,2.008532559,0.669510853,9,Psyllid,TG
493,KP04,KP04_19,36.212,0.496377113,3.136007649,1.045335883,9,Psyllid,TG
494,KP04,KP04_20,40,-0.55523167,0.278463533,0.092821178,9,Psyllid,TG
495,KP04,KP04_21,27.571047,2.895242497,785.6742098,261.8914033,9,Psyllid,TG
496,KP04,KP04_22,40,-0.55523167,0.278463533,0.092821178,9,Psyllid,TG
497,KP04,KP04_23,28.429567,2.656903751,453.8410241,151.2803414,9,Psyllid,TG
498,KP04,KP04_24,28.334946,2.683172039,482.138751,160.712917,9,Psyllid,TG
499,KP04,KP04_25,36.676273,0.367487577,2.330706443,0.776902148,9,Psyllid,TG
500,KP04,KP04_26,31.089127,1.91856778,82.90252913,27.63417638,9,Psyllid,TG
501,KP04,KP04_27,26.825161,3.102312262,1265.646033,421.8820111,9,Psyllid,TG
502,KP04,KP04_28,28.683346,2.586450682,385.8785888,128.6261963,9,Psyllid,TG
503,KP04,KP04_29,34.138855,1.071914994,11.8008963,3.9336321,9,Psyllid,TG
504,KP04,KP04_30,32.98033,1.39353988,24.74798702,8.249329006,9,Psyllid,TG
505,KP04,KP04_31,28.656319,2.593953805,392.6031725,130.8677242,9,Psyllid,TG
506,KP04,KP04_32,31.31562,1.855689737,71.72816764,23.90938921,9,Psyllid,TG
507,KP04,KP04_33,33.59576,1.222686766,16.69885778,5.566285928,9,Psyllid,TG
508,KP04,KP04_34,35.37487,0.728777657,5.355224199,1.785074733,9,Psyllid,TG
509,KP04,KP04_35,37.696095,0.08436884,1.214419803,0.404806601,9,Psyllid,TG
510,KP04,KP04_36,37.125618,0.242742289,1.748808636,0.582936212,9,Psyllid,TG
511,KP04,KP04_37,38.227142,-0.063058216,0.86485198,0.288283993,9,Psyllid,TG
512,KP04,KP04_38,26.679153,3.142846395,1389.461108,463.1537028,9,Psyllid,TG
513,KP04,KP04_39,40,-0.55523167,0.278463533,0.092821178,9,Psyllid,TG
514,KP04,KP04_40,26.66608,3.146475667,1401.12108,467.0403598,9,Psyllid,TG
515,KP04,KP04_41,26.626701,3.157407901,1436.838317,478.9461055,9,Psyllid,TG
516,KP04,KP04_42,39.317287,-0.365699731,0.430824378,0.143608126,9,Psyllid,TG
517,KP04,KP04_43,37.97029,0.008247966,1.019173133,0.339724378,9,Psyllid,TG
518,KP04,KP04_44,32.03087,1.65712501,45.40723012,15.13574337,9,Psyllid,TG
519,KP04,KP04_45,36.620983,0.382836956,2.414554187,0.804851396,9,Psyllid,TG
520,KP04,KP04_46,28.824734,2.547199134,352.5324781,117.510826,9,Psyllid,TG
521,KP04,KP04_47,34.172516,1.062570167,11.54968574,3.849895246,9,Psyllid,TG
522,KP04,KP04_48,26.0128,3.32783654,2127.338206,709.1127352,9,Psyllid,TG
523,KP04,KP04_49,35.03913,0.821984398,6.637192259,2.21239742,9,Psyllid,TG
524,KP04,KP04_50,33.384922,1.281218734,19.10815403,6.369384678,9,Psyllid,TG
525,KP04,KP04_51,37.121166,0.243978235,1.753792607,0.584597536,9,Psyllid,TG
526,KP04,KP04_52,37.58132,0.116232198,1.306869426,0.435623142,9,Psyllid,TG
527,KP04,KP04_53,36.857018,0.317309903,2.076394656,0.692131552,9,Psyllid,TG
528,KP04,KP04_54,36.811943,0.329823436,2.137093072,0.712364357,9,Psyllid,TG
529,KP04,KP04_55,28.609728,2.606888204,404.4717594,134.8239198,9,Psyllid,TG
530,KP04,KP04_56,28.608444,2.607244663,404.8038766,134.9346255,9,Psyllid,TG
531,KP04,KP04_57,28.272495,2.700509425,501.7754684,167.2584895,9,Psyllid,TG
532,KP04,KP04_58,34.649185,0.930239305,8.516071613,2.838690538,9,Psyllid,TG
533,KP04,KP04_59,40,-0.55523167,0.278463533,0.092821178,9,Psyllid,TG
534,KP04,KP04_60,24.869303,3.645289415,4418.648086,1472.882695,9,Psyllid,TG
535,KP04,KP04_61,28.1652,2.730296216,537.3982107,179.1327369,9,Psyllid,TG
536,KP04,KP04_62,24.874685,3.643795286,4403.472476,1467.824159,9,Psyllid,TG
537,KP04,KP04_63,40,-0.55523167,0.278463533,0.092821178,9,Psyllid,TG
538,KP04,KP04_64,28.425547,2.658019766,455.0087687,151.6695896,9,Psyllid,TG
539,KP04,KP04_65,38.405495,-0.112571833,0.77166387,0.25722129,9,Psyllid,TG
540,KP04,KP04_66,31.757,1.733155659,54.09481741,18.0316058,9,Psyllid,TG
541,KP04,KP04_67,40,-0.55523167,0.278463533,0.092821178,9,Psyllid,TG
542,KP04,KP04_68,26.891346,3.083938258,1213.21636,404.4054535,9,Psyllid,TG
543,KP04,KP04_69,40,-0.55523167,0.278463533,0.092821178,9,Psyllid,TG
544,KP04,KP04_70,35.549446,0.680312595,4.789747235,1.596582412,9,Psyllid,TG
545,KP04,KP04_71,36.11662,0.522856112,3.333159619,1.111053206,9,Psyllid,TG
546,KP04,KP04_72,28.115993,2.743956858,554.5706209,184.8568736,9,Psyllid,TG
547,KP04,KP04_73,36.40644,0.44239749,2.769475263,0.923158421,9,Psyllid,TG
548,KP04,KP04_74,26.95057,3.067496738,1168.144956,389.381652,9,Psyllid,TG
549,KP04,KP04_75,24.864817,3.646534799,4431.337205,1477.112402,9,Psyllid,TG
550,KP04,KP04_76,37.617455,0.10620055,1.277028382,0.425676127,9,Psyllid,TG
551,KP04,KP04_77,27.13348,3.016718026,1039.245196,346.4150653,9,Psyllid,TG
552,KP04,KP04_78,40,-0.55523167,0.278463533,0.092821178,9,Psyllid,TG
553,KP04,KP04_79,26.768316,3.118093334,1312.481935,437.4939783,9,Psyllid,TG
554,KP04,KP04_80,36.858974,0.316766886,2.073800076,0.691266692,9,Psyllid,TG
555,KP04,KP04_81,40,-0.55523167,0.278463533,0.092821178,9,Psyllid,TG
556,KP04,KP04_82,40,-0.55523167,0.278463533,0.092821178,9,Psyllid,TG
557,KP04,KP04_83,40,-0.576668012,0.265052551,0.08835085,9,Psyllid,TG
558,KP04,KP04_84,36.54216,0.420344847,2.632357361,0.877452454,9,Psyllid,TG
559,KP04,KP04_85,34.86233,0.904696961,8.029656388,2.676552129,9,Psyllid,TG
560,KP04,KP04_86,31.05423,2.00270169,100.624026,33.541342,9,Psyllid,TG
561,KP04,KP04_87,34.03231,1.144019953,13.9322081,4.644069367,9,Psyllid,TG
562,KP04,KP04_88,37.060417,0.27091373,1.866008984,0.622002995,9,Psyllid,TG
563,KP04,KP04_89,33.495567,1.298781212,19.89670735,6.632235783,9,Psyllid,TG
564,KP04,KP04_90,36.450386,0.446806413,2.797733947,0.932577982,9,Psyllid,TG
565,KP04,KP04_91,35.841152,0.622469292,4.192463521,1.39748784,9,Psyllid,TG
566,KP04,KP04_92,30.786848,2.079797013,120.1702633,40.05675444,9,Psyllid,TG
567,KP04,KP04_93,28.56905,2.719263595,523.9183322,174.6394441,9,Psyllid,TG
568,KP04,KP04_94,27.419212,3.050800992,1124.089761,374.6965869,9,Psyllid,TG
569,KP04,KP04_95,32.040936,1.718200796,52.26377744,17.42125915,9,Psyllid,TG
570,KP04,KP04_96,31.034388,2.008422813,101.9583534,33.98611779,9,Psyllid,TG
571,KP04,KP04_97,30.859602,2.058819561,114.5037106,38.16790353,9,Psyllid,TG
572,KP04,KP04_98,34.869183,0.902721008,7.993206043,2.664402014,9,Psyllid,TG
573,KP04,KP04_99,32.325676,1.636100571,43.26140012,14.42046671,9,Psyllid,TG
574,KP04,KP04_100,30.793411,2.077904677,119.6477888,39.88259626,9,Psyllid,TG
575,KP04,KP04_101,28.482277,2.744283202,554.9875001,184.9958334,9,Psyllid,TG
576,KP04,KP04_102,31.447376,1.889344328,77.50760699,25.835869,9,Psyllid,TG
577,KP04,KP04_103,30.515137,2.158140534,143.9264237,47.97547455,9,Psyllid,TG
578,KP04,KP04_104,36.97965,0.294201603,1.968800011,0.65626667,9,Psyllid,TG
579,KP04,KP04_105,26.93491,3.190441728,1550.392746,516.797582,9,Psyllid,TG
580,KP04,KP04_106,35.833008,0.624817485,4.215193196,1.405064399,9,Psyllid,TG
581,KP04,KP04_107,32.74923,1.513975549,32.65694458,10.88564819,9,Psyllid,TG
582,KP04,KP04_108,31.604954,1.843909232,69.80864888,23.26954963,9,Psyllid,TG
583,KP04,KP04_109,33.533554,1.287828268,19.40118551,6.467061836,9,Psyllid,TG
584,KP04,KP04_110,37.233818,0.220916325,1.663092195,0.554364065,9,Psyllid,TG
585,KP04,KP04_111,40,-0.576668012,0.265052551,0.08835085,9,Psyllid,TG
586,KP04,KP04_112,36.67784,0.38122369,2.40560152,0.801867173,9,Psyllid,TG
587,KP04,KP04_113,34.185566,1.099831036,12.58435718,4.194785726,9,Psyllid,TG
588,KP04,KP04_114,30.879509,2.053079696,113.0003258,37.66677526,9,Psyllid,TG
589,KP04,KP04_115,35.68579,0.66726544,4.647992732,1.549330911,9,Psyllid,TG
590,KP04,KP04_116,36.17317,0.526737212,3.363080109,1.121026703,9,Psyllid,TG
591,KP04,KP04_117,35.34189,0.766423505,5.840143319,1.94671444,9,Psyllid,TG
592,KP04,KP04_118,35.084206,0.840722565,6.929829748,2.309943249,9,Psyllid,TG
593,KP04,KP04_119,36.81651,0.341240413,2.194019145,0.731339715,9,Psyllid,TG
594,KP04,KP04_120,24.227211,3.971163428,9357.577394,3119.192465,9,Psyllid,TG
595,KP04,KP04_121,36.478,-0.400406529,0.397734689,0.13257823,9,Psyllid,TG
596,KP04,KP04_122,36.214,-0.318519427,0.480264597,0.160088199,9,Psyllid,TG
597,KP04,KP04_123,30.370,1.495127234,31.26995342,10.42331781,9,Psyllid,TG
598,KP04,KP04_124,30.229,1.538845271,34.58161493,11.52720498,9,Psyllid,TG
599,KP04,KP04_125,40.000,-1.493296922,0.032114642,0.010704881,9,Psyllid,TG
600,KP04,KP04_126,40.000,-1.493296922,0.032114642,0.010704881,9,Psyllid,TG
601,KP04,KP04_127,35.472,-0.088083416,0.816425543,0.272141848,9,Psyllid,TG
602,KP04,KP04_128,36.180,-0.3078215,0.492241812,0.164080604,9,Psyllid,TG
603,KP04,KP04_129,29.199,1.858403054,72.17770246,24.05923415,9,Psyllid,TG
604,KP04,KP04_130,37.238,-0.636317651,0.231037432,0.077012477,9,Psyllid,TG
605,KP04,KP04_131,32.310,0.893136792,7.818740376,2.606246792,9,Psyllid,TG
606,KP04,KP04_132,39.354,-1.292718781,0.050966079,0.016988693,9,Psyllid,TG
607,KP04,KP04_133,29.732,1.693038419,49.3217433,16.4405811,9,Psyllid,TG
608,KP04,KP04_134,40.000,-1.493296922,0.032114642,0.010704881,9,Psyllid,TG
609,KP04,KP04_135,40.000,-1.493296922,0.032114642,0.010704881,9,Psyllid,TG
610,KP04,KP04_136,35.644,-0.141493918,0.721948274,0.240649425,9,Psyllid,TG
611,KP04,KP04_137,37.175,-0.616655288,0.241737882,0.080579294,9,Psyllid,TG
612,KP04,KP04_138,34.708,0.14881641,1.408693174,0.469564391,9,Psyllid,TG
613,KP04,KP04_139,37.833,-0.820864263,0.15105522,0.05035174,9,Psyllid,TG
614,KP04,KP04_140,29.583,1.739357001,54.87278477,18.29092826,9,Psyllid,TG
615,KP04,KP04_141,40.000,-1.493296922,0.032114642,0.010704881,9,Psyllid,TG
616,KP04,KP04_142,35.813,-0.19392999,0.639837971,0.213279324,9,Psyllid,TG
617,KP04,KP04_143,38.334,-0.976212761,0.10562999,0.035209997,9,Psyllid,TG
618,KP04,KP04_144,35.945,-0.234950037,0.582170189,0.19405673,9,Psyllid,TG
619,KP04,KP04_145,36.399,-0.375718719,0.42099921,0.14033307,9,Psyllid,TG
620,KP04,KP04_146,36.398,-0.375451216,0.421258603,0.140419534,9,Psyllid,TG
621,KP04,KP04_147,40.000,-1.493296922,0.032114642,0.010704881,9,Psyllid,TG
622,KP04,KP04_148,36.601,-0.438511668,0.364324462,0.121441487,9,Psyllid,TG
623,KP04_L,KP04_L_1,27.353,2.955775797,903.1830892,301.0610297,9,Leaf,TG
624,KP04_L,KP04_L_2,29.302,2.414702535,259.8379221,86.61264071,9,Leaf,TG
625,KP04_L,KP04_L_3,32.033,1.656533689,45.34544714,15.11514905,9,Leaf,TG
626,KP04_L,KP04_L_4,29.279,2.421087699,263.6863805,87.89546015,9,Leaf,TG
627,KP04_L,KP04_L_5,31.94845,1.680006108,47.86368234,15.95456078,9,Leaf,TG
628,KP04_L,KP04_L_6,30.953796,1.956137809,90.39362615,30.13120872,9,Leaf,TG
629,KP04_L,KP04_L_7,24.660027,3.703387746,5051.120696,1683.706899,9,Leaf,TG
630,KP04_L,KP04_L_8,26.24,3.264770273,1839.798553,613.2661843,9,Leaf,TG
631,KP04_L,KP04_L_9,28.191175,2.723085145,528.5488653,176.1829551,9,Leaf,TG
632,KP04_L,KP04_L_10,27.64111,2.875791899,751.2628252,250.4209417,9,Leaf,TG
633,KP04_L,KP04_L_11,28.93399,2.614038983,411.186628,137.0622093,9,Leaf,TG
634,KP04_L,KP04_L_12,24.80838,3.803592642,6361.985013,2120.661671,9,Leaf,TG
635,KP04_L,KP04_L_13,31.841106,1.77581858,59.67859365,19.89286455,9,Leaf,TG
636,KP04_L,KP04_L_14,40,-0.576668012,0.265052551,0.08835085,9,Leaf,TG
637,KP04_L,KP04_L_15,27.495983,3.028665302,1068.231307,356.0771024,9,Leaf,TG
638,KP04_L,KP04_L_16,30.283543,2.22491696,167.848305,55.94943498,9,Leaf,TG
639,KP04_L,KP04_L_17,26.618902,3.28155758,1912.306848,637.4356161,9,Leaf,TG
640,KP04_L,KP04_L_18,30.872025,2.055237587,113.563191,37.854397,9,Leaf,TG
641,KP04_L,KP04_L_19,33.32991,1.346545759,22.20985681,7.403285603,9,Leaf,TG
642,KP04_L,KP04_L_20,31.150185,1.9750346,94.41360923,31.47120308,9,Leaf,TG
643,KP04_L,KP04_L_21,25.875,2.89002855,776.2981481,258.7660494,9,Leaf,TG
644,KP04_L,KP04_L_22,30.275,1.524775012,33.47919542,11.15973181,9,Leaf,TG
645,KP04_L,KP04_L_23,28.173,2.176974926,150.3055183,50.10183943,9,Leaf,TG
646,KP04_L,KP04_L_24,34.952,0.073150447,1.183451452,0.394483817,9,Leaf,TG
647,KP04_L,KP04_L_25,27.405,2.415266571,260.175604,86.72520134,9,Leaf,TG
648,KP04_L,KP04_L_26,26.005,2.849779357,707.5862044,235.8620681,9,Leaf,TG
649,KP04_L,KP04_L_27,36.140,-0.295513592,0.5063915,0.168797167,9,Leaf,TG
650,KP04_L,KP04_L_28,40.000,-1.493296922,0.032114642,0.010704881,9,Leaf,TG
651,KP04_L,KP04_L_29,30.104,1.577617304,37.81092516,12.60364172,9,Leaf,TG
652,KP04_L,KP04_L_30,33.872,0.408442776,2.561195768,0.853731923,9,Leaf,TG
